58135,25.9,0.024305556,0.023888889,8.0096,8.1552,0.0190625,-0.218,-0.277,1220,8.67
45574,28.2,0.024305556,0.023668981,8.0091,8.1656,0.019375,-0.234,-0.306,1230,8.7
46998,26.4,0.024305556,0.022962963,8.0526,8.2212,0.018298611,-0.255,-0.327,1210,8.73
39147,28.7,0.024305556,0.023078704,8.057,8.2187,0.019016204,-0.239,-0.308,1210,8.69
33776,14.7,0.024305556,0.02349537,8.0163,8.1693,0.019641204,-0.24,-0.313,1240,8.69
42209,18.4,0.024305556,0.023217593,8.0093,8.1763,0.018946759,-0.265,-0.338,1220,8.76
38115,28.2,0.024305556,0.023263889,8.0314,8.2093,0.016828704,-0.256,-0.331,1200,8.74
33860,19.5,0.024305556,0.02337963,8.0097,8.1667,0.018611111,-0.256,-0.342,1160,8.76
31998,26.7,0.024305556,0.023564815,8.0305,8.1917,0.019293981,-0.232,-0.304,1230,8.68
38838,9.6,0.024305556,0.023645833,8.0078,8.158,0.019918981,-0.228,-0.297,1230,8.67
36934,9.6,0.024305556,0.022928241,8.07,8.2586,0.017511574,-0.262,-0.341,1150,8.76
36596,5.8,0.024305556,0.024050926,7.9934,8.1373,0.022430556,-0.24,-0.315,1280,8.65
10285,24.3,0.024305556,0.022222222,7.9911,8.1727,0.018356481,-0.281,-0.37,1130,8.79
45769,16.2,0.024212963,0.022662037,8.0294,8.242,0.01693287,-0.271,-0.347,1060,8.77
27773,9.1,0.024305556,0.023090278,8.0326,8.2047,0.018668981,-0.267,-0.349,1190,8.77
22702,19.6,0.024305556,0.022800926,8.058,8.2452,0.01818287,-0.258,-0.334,1180,8.73
49524,10.2,0.024305556,0.022928241,8.0897,8.3004,0.017152778,-0.248,-0.316,1160,8.74
23583,15,0.023773148,0.022256944,8.0662,8.2678,0.017384259,-0.258,-0.334,1110,8.74
43346,14.2,0.024305556,0.023090278,8.0277,8.2296,0.0146875,-0.253,-0.327,836,8.74
49097,17.4,0.024305556,0.023078704,8.0351,8.2273,0.016921296,-0.251,-0.326,1160,8.74
28868,9.3,0.024305556,0.024050926,7.9885,8.1231,0.021793981,-0.211,-0.278,1250,8.65
44585,11.9,0.024305556,0.023958333,7.9902,8.1295,0.021747685,-0.217,-0.286,1270,8.62
34975,7.1,0.024305556,0.023449074,8.0037,8.1594,0.020092593,-0.239,-0.319,1230,8.68
35566,18.2,0.024305556,0.022638889,8.052,8.2443,0.017893519,-0.259,-0.343,1130,8.74
45670,22.1,0.024305556,0.023287037,8.0404,8.2043,0.019247685,-0.251,-0.333,1170,8.74
26979,23.2,0.024305556,0.023761574,8.0221,8.1631,0.020972222,-0.231,-0.306,1230,8.69
23610,19,0.024305556,0.0228125,8.0703,8.2748,0.016990741,-0.25,-0.323,1140,8.75
15486,18.7,0.024305556,0.023414352,8.0104,8.1822,0.018773148,-0.255,-0.335,1210,8.72
40616,20.5,0.024305556,0.022291667,8.0012,8.1875,0.018425926,-0.279,-0.37,1170,8.77
24437,21.7,0.024305556,0.023310185,8.0468,8.2088,0.019131944,-0.255,-0.334,1120,8.76
48618,18.3,0.024305556,0.023645833,8.0132,8.1737,0.018680556,-0.244,-0.32,1180,8.74
45920,18.2,0.024305556,0.02380787,8.0103,8.1337,0.020150463,-0.194,-0.245,1260,8.57
30009,9.2,0.024305556,0.022974537,8.0379,8.2226,0.018599537,-0.267,-0.348,1200,8.74
44667,17.7,0.024305556,0.022916667,8.0263,8.1977,0.018541667,-0.282,-0.369,1170,8.79
24059,17.2,0.024305556,0.023159722,8.0168,8.1786,0.019108796,-0.27,-0.356,1200,8.77
38304,18.1,0.024305556,0.023645833,8.0036,8.1504,0.020231481,-0.249,-0.33,1240,8.72
22303,19,0.024305556,0.023217593,7.9957,8.1583,0.017858796,-0.247,-0.332,1170,8.73
40373,7.6,0.024305556,0.023645833,7.9817,8.1347,0.019097222,-0.241,-0.32,1200,8.71
38462,5.2,0.024305556,0.023368056,8.0028,8.159,0.019918981,-0.229,-0.308,1250,8.67
31608,14.9,0.023726852,0.022361111,8.0883,8.2896,0.016516204,-0.237,-0.305,1130,8.7
23415,9.8,0.024305556,0.023842593,7.9822,8.1258,0.02125,-0.23,-0.305,1270,8.64
49092,13.6,0.024305556,0.023611111,8.0165,8.1576,0.021840278,-0.229,-0.307,1270,8.64
49431,9.6,0.024305556,0.023344907,8.0486,8.2117,0.018310185,-0.261,-0.339,1160,8.78
38435,14.4,0.024305556,0.023611111,7.9971,8.1503,0.019027778,-0.232,-0.306,1200,8.7
28428,19.6,0.024305556,0.023668981,8.0218,8.1549,0.02181713,-0.221,-0.291,1270,8.62
25945,7.6,0.024305556,0.022268519,8.0996,8.3201,0.015821759,-0.25,-0.322,760,8.74
34215,12.5,0.023784722,0.022291667,8.1217,8.3415,0.015798611,-0.262,-0.336,225,8.76
35873,9.6,0.024305556,0.023622685,8.0382,8.1742,0.020347222,-0.234,-0.31,1240,8.67
25745,5.2,0.024305556,0.0228125,8.0625,8.2286,0.017824074,-0.259,-0.344,1150,8.75
44033,16,0.024305556,0.023368056,8.1188,8.2633,0.016446759,-0.209,-0.274,1160,8.67
36001,7.9,0.024305556,0.024016204,7.9709,8.1088,0.020173611,-0.219,-0.286,1240,8.67
31917,8.2,0.024293981,0.022361111,8.0526,8.249,0.016759259,-0.252,-0.329,1150,8.72
21187,19.8,0.024305556,0.022719907,8.0432,8.213,0.018043981,-0.255,-0.338,1170,8.74
20926,5.6,0.024305556,0.022361111,8.04,8.2375,0.016030093,-0.248,-0.324,831,8.74
27663,7.2,0.024305556,0.022789352,8.0687,8.242,0.017893519,-0.244,-0.324,1170,8.72
40189,13.3,0.024293981,0.023946759,8.0172,8.1599,0.020960648,-0.225,-0.303,1260,8.64
39907,9.3,0.024305556,0.023506944,8.0178,8.1698,0.019907407,-0.23,-0.317,1250,8.66
29666,13.1,0.024305556,0.023506944,8.0379,8.1878,0.019236111,-0.225,-0.295,1230,8.68
34561,11.4,0.024293981,0.024016204,8.0355,8.1412,0.024652778,-0.193,-0.257,1280,8.51
43493,10.6,0.024305556,0.023263889,8.015,8.1695,0.019467593,-0.252,-0.328,1230,8.73
20117,19.8,0.024305556,0.022824074,7.9625,8.1299,0.01912037,-0.261,-0.333,1200,8.66
32009,13.7,0.024305556,0.023703704,8.7626,8.9032,0.017685185,-0.905,-0.971,1150,9.33
15038,16.5,0.024305556,0.022650463,8.0081,8.1939,0.017476852,-0.25,-0.33,1080,8.71
43078,14.3,0.024305556,0.023611111,8.0132,8.1639,0.020081019,-0.235,-0.306,1250,8.7
30276,16.2,0.024305556,0.024143519,7.9672,8.092,0.022013889,-0.195,-0.254,1250,8.57
28215,15.6,0.024305556,0.02375,8.0154,8.1447,0.022511574,-0.215,-0.279,1280,8.6
35220,10.1,0.024305556,0.022314815,8.2566,8.4117,0.015428241,-0.25,-0.315,798,8.73
35486,7.8,0.024305556,0.022581019,8.0461,8.2426,0.017430556,-0.253,-0.329,1140,8.73
30085,7.2,0.024305556,0.022824074,8.0132,8.181,0.018553241,-0.261,-0.343,1200,8.73
26713,13.3,0.024305556,0.023680556,8.0345,8.1742,0.021631944,-0.236,-0.313,1260,8.66
33265,16.2,0.024305556,0.02306713,8.0363,8.2053,0.018784722,-0.243,-0.327,1210,8.7
22527,18.7,0.024189815,0.022430556,8.1633,8.3737,0.015543981,-0.25,-0.319,212,8.74
39362,14.3,0.024305556,0.023275463,8.0449,8.2112,0.0184375,-0.231,-0.297,1230,8.69
17458,4.7,0.024305556,0.023425926,8.0121,8.1717,0.020231481,-0.247,-0.331,1250,8.7
31199,11.3,0.024305556,0.024016204,7.9767,8.1054,0.022986111,-0.211,-0.281,1290,8.57
26861,10.7,0.024305556,0.022546296,8.0807,8.2456,0.01693287,-0.24,-0.317,1150,8.71
33660,16.1,0.024305556,0.022708333,8.0024,8.185,0.017037037,-0.256,-0.338,1100,8.74
35809,13,0.024305556,0.023657407,8.0053,8.1534,0.01912037,-0.237,-0.309,1240,8.71
34682,13.1,0.024305556,0.023287037,7.9945,8.1544,0.018773148,-0.268,-0.35,1210,8.78
42388,6.2,0.024305556,0.022928241,8.0001,8.1636,0.0190625,-0.279,-0.364,1210,8.76
35913,16.8,0.024305556,0.023969907,7.9758,8.1102,0.021875,-0.225,-0.296,1260,8.64
44942,13.1,0.024305556,0.023483796,8.0069,8.1673,0.019270833,-0.254,-0.333,1220,8.72
49364,15.7,0.024305556,0.023622685,8.0055,8.155,0.020613426,-0.254,-0.332,1250,8.71
27470,6.7,0.024305556,0.022430556,8.0219,8.2333,0.017372685,-0.308,-0.389,719,8.85
32010,13.3,0.024305556,0.022604167,8.062,8.2542,0.017453704,-0.25,-0.322,1180,8.76
39539,13.9,0.023958333,0.022222222,8.1127,8.3301,0.015416667,-0.267,-0.341,781,8.77
33701,13.8,0.024305556,0.022476852,8.0136,8.2094,0.017326389,-0.27,-0.351,747,8.78
18932,11.7,0.024305556,0.022372685,8.0349,8.2407,0.017118056,-0.263,-0.344,1050,8.75
20705,9.1,0.024305556,0.022349537,8.0687,8.2861,0.015625,-0.273,-0.348,763,8.78
34617,11.6,0.024305556,0.023125,7.9928,8.1619,0.018078704,-0.267,-0.347,1170,8.73
36347,14.1,0.024305556,0.023148148,8.0183,8.2118,0.016226852,-0.254,-0.328,816,8.74
46521,9.9,0.024305556,0.023645833,7.9993,8.156,0.019641204,-0.238,-0.313,1260,8.68
41898,13.3,0.024305556,0.023275463,8.0211,8.1903,0.018414352,-0.248,-0.329,1230,8.72
45356,10.1,0.024305556,0.022673611,8.0216,8.2127,0.017974537,-0.266,-0.35,1160,8.74
36351,8.4,0.024305556,0.022650463,8.0261,8.227,0.017604167,-0.26,-0.339,780,8.77
29638,27,0.024305556,0.024016204,8.0068,8.1195,0.019664352,-0.221,-0.308,1200,8.68
22307,11.7,0.024305556,0.023032407,8.0042,8.172,0.018912037,-0.256,-0.334,1210,8.72
37759,13.3,0.024305556,0.022858796,8.0519,8.2262,0.017916667,-0.24,-0.317,1200,8.7
43045,10,0.024305556,0.0228125,8.0341,8.2325,0.016909722,-0.251,-0.324,815,8.73
35059,11.5,0.024305556,0.023923611,8.0007,8.1346,0.022118056,-0.215,-0.277,1280,8.63
34134,13.8,0.024305556,0.023402778,8.0538,8.1886,0.021377315,-0.244,-0.321,1230,8.69
39311,13.7,0.024305556,0.022453704,8.0816,8.2456,0.019351852,-0.267,-0.355,1180,8.73
45338,8.1,0.024305556,0.023020833,8.0457,8.2357,0.017986111,-0.251,-0.328,1180,8.72
40287,14.1,0.024305556,0.023634259,7.9916,8.1473,0.020393519,-0.259,-0.343,1250,8.71
31996,10.7,0.024305556,0.02369213,8.0211,8.1661,0.019780093,-0.249,-0.334,1230,8.71
26042,12.4,0.024305556,0.023483796,7.968,8.1268,0.020277778,-0.262,-0.344,1240,8.72
26218,7.9,0.024305556,0.02318287,7.9901,8.1616,0.018969907,-0.262,-0.347,1190,8.75
25982,3.6,0.024305556,0.022905093,8.0276,8.2161,0.018599537,-0.264,-0.342,1180,8.74
31421,10.4,0.024305556,0.022800926,8.039,8.1967,0.019675926,-0.288,-0.382,1220,8.75
44059,11.9,0.024305556,0.0234375,8.0928,8.2399,0.01662037,-0.246,-0.315,1110,8.75
45375,9.4,0.024305556,0.023703704,7.9952,8.135,0.01900463,-0.229,-0.3,1140,8.71
38530,9.6,0.024305556,0.023969907,7.9865,8.1317,0.022025463,-0.266,-0.354,1270,8.7
31673,6,0.024305556,0.022743056,8.0263,8.2136,0.017650463,-0.27,-0.348,1160,8.77
31658,12.3,0.024305556,0.023958333,7.972,8.1334,0.021273148,-0.274,-0.356,1250,8.74
29603,7.1,0.024305556,0.022303241,8.0121,8.2137,0.018113426,-0.303,-0.394,1100,8.83
43378,11.2,0.024305556,0.023668981,7.9891,8.1486,0.019699074,-0.253,-0.327,1190,8.73
21596,10.2,0.024305556,0.023715278,8.0134,8.1695,0.02068287,-0.259,-0.338,1260,8.72
26693,10.2,0.024305556,0.022835648,8.0265,8.2194,0.018252315,-0.271,-0.348,1160,8.76
36694,10.8,0.024305556,0.024027778,7.9849,8.1199,0.022141204,-0.236,-0.306,1260,8.65
31096,6.1,0.024305556,0.022835648,8.0339,8.2263,0.017546296,-0.272,-0.351,1150,8.77
19900,8.1,0.024305556,0.022569444,8.0791,8.2813,0.018159722,-0.259,-0.331,1140,8.76
29414,7.4,0.024305556,0.022673611,8.0546,8.2476,0.01775463,-0.252,-0.326,1120,8.73
25377,10.1,0.024305556,0.022893519,8.0175,8.2,0.018969907,-0.281,-0.369,1170,8.75
24835,8.4,0.024305556,0.02255787,8.0561,8.2625,0.01693287,-0.283,-0.364,1070,8.79
39644,10.7,0.024305556,0.02318287,8.0201,8.1969,0.019293981,-0.264,-0.342,1210,8.74
38649,9.8,0.024305556,0.023310185,8.0261,8.2146,0.018020833,-0.258,-0.33,1180,8.76
23145,6.3,0.023726852,0.022291667,8.0672,8.2944,0.016458333,-0.254,-0.323,763,8.74
35764,10,0.024305556,0.023032407,8.0271,8.2046,0.018877315,-0.262,-0.341,1200,8.77
13817,5.3,0.024305556,0.022395833,8.0901,8.2755,0.017453704,-0.236,-0.309,1160,8.7
30300,7.3,0.024305556,0.023125,8.0347,8.1966,0.019895833,-0.246,-0.326,1220,8.71
29936,6.3,0.023993056,0.022465278,7.9996,8.1956,0.01880787,-0.284,-0.372,1130,8.75
14911,4.7,0.024305556,0.022337963,8.0358,8.2297,0.018252315,-0.285,-0.374,1140,8.79
33595,8.5,0.024305556,0.022604167,8.0313,8.2043,0.018287037,-0.256,-0.342,822,8.73
39078,8.5,0.024305556,0.022974537,8.0124,8.1931,0.018611111,-0.267,-0.348,1130,8.75
46201,7.1,0.024305556,0.023645833,7.9912,8.1318,0.020787037,-0.224,-0.296,1250,8.65
38150,7.2,0.024293981,0.023854167,7.975,8.1137,0.021793981,-0.232,-0.307,1250,8.64
10278,3.7,0.024305556,0.023518519,8.0119,8.1613,0.019178241,-0.247,-0.336,1200,8.73
17747,21.5,0.024305556,0.022847222,8.0086,8.1945,0.018645833,-0.284,-0.386,1140,8.78
18377,23.3,0.024305556,0.022905093,8.0467,8.2546,0.017280093,-0.27,-0.351,1120,8.79
19138,12.5,0.024305556,0.022719907,8.025,8.2226,0.017824074,-0.269,-0.345,1130,8.78
18092,3.5,0.024305556,0.022731481,7.9944,8.1641,0.019293981,-0.273,-0.358,1180,8.74
17817,19.8,0.024305556,0.022731481,8.0218,8.2023,0.018240741,-0.26,-0.343,1180,8.73
18352,13.7,0.024305556,0.022592593,8.0276,8.2141,0.017650463,-0.259,-0.34,1150,8.76
17462,19.9,0.024305556,0.022858796,8.1353,8.2954,0.01619213,-0.198,-0.252,1860,8.63
13339,11.6,0.024305556,0.022789352,8.0049,8.1791,0.01974537,-0.276,-0.363,1220,8.76
17213,12.1,0.024305556,0.022604167,8.0256,8.2252,0.017175926,-0.264,-0.345,1110,8.74
18902,11.3,0.024305556,0.022685185,8.0251,8.2251,0.017534722,-0.281,-0.36,1130,8.8
19276,3.6,0.024305556,0.022592593,8.0177,8.1759,0.020335648,-0.266,-0.367,1220,8.72
17896,17.6,0.024305556,0.022569444,7.9643,8.1593,0.018518519,-0.276,-0.359,1160,8.71
16511,17.2,0.024305556,0.022743056,8.0294,8.2136,0.018113426,-0.248,-0.328,1160,8.71
15807,11.5,0.024224537,0.022905093,8.0295,8.2354,0.016712963,-0.27,-0.35,830,8.77
12949,14.9,0.024305556,0.022743056,8.0482,8.2266,0.01869213,-0.252,-0.336,1180,8.71
15796,19.4,0.024305556,0.022696759,8.0719,8.2711,0.015775463,-0.272,-0.349,780,8.76
17052,15.6,0.024305556,0.022569444,8.0267,8.2118,0.017835648,-0.248,-0.327,1160,8.74
15081,17.4,0.024305556,0.022731481,8.0081,8.1972,0.017685185,-0.273,-0.36,1110,8.76
18444,21,0.024305556,0.022638889,8.0316,8.2013,0.019189815,-0.267,-0.356,1200,8.73
15814,16.9,0.024305556,0.022824074,8.0711,8.2246,0.018611111,-0.22,-0.292,1210,8.65
14647,15.8,0.024305556,0.022766204,8.0729,8.2732,0.01599537,-0.261,-0.335,1060,8.75
18826,9.7,0.024305556,0.022650463,8.0364,8.2085,0.018611111,-0.254,-0.344,1180,8.72
17920,15.3,0.024305556,0.022835648,8.0326,8.2218,0.017546296,-0.249,-0.324,1120,8.73
15293,11.7,0.024305556,0.02287037,8.0182,8.2037,0.017824074,-0.274,-0.356,1160,8.76
13396,13.1,0.024305556,0.022662037,8.048,8.2374,0.017511574,-0.268,-0.341,1160,8.74
14112,5.4,0.024305556,0.022627315,8.0077,8.2009,0.018217593,-0.265,-0.346,1160,8.76
11382,6,0.024305556,0.022685185,8.0106,8.1764,0.019351852,-0.278,-0.373,1220,8.74
25875,10.9,0.024305556,0.022685185,8.0752,8.2704,0.016655093,-0.251,-0.32,1150,8.74
25819,17.4,0.024305556,0.022592593,8.0529,8.255,0.016724537,-0.261,-0.336,1090,8.76
27749,15.7,0.024305556,0.022604167,8.0371,8.2252,0.018113426,-0.246,-0.323,1180,8.73
23783,21.4,0.024305556,0.022615741,8.2172,8.375,0.018900463,-0.257,-0.325,1190,8.73
21310,5.7,0.024305556,0.022731481,8.0159,8.208,0.017523148,-0.27,-0.353,1090,8.76
24288,20.3,0.024305556,0.022881944,8.1555,8.3832,0.015324074,-0.233,-0.294,270,8.71
22668,12.8,0.024305556,0.02275463,7.9954,8.1745,0.018611111,-0.258,-0.344,1170,8.74
27690,8.8,0.024305556,0.022581019,8.0598,8.2255,0.018993056,-0.266,-0.348,1190,8.74
20045,22.5,0.024305556,0.022789352,8.0306,8.2347,0.017372685,-0.272,-0.353,1110,8.78
20837,21.4,0.024189815,0.022662037,8.0734,8.2693,0.017453704,-0.257,-0.335,1120,8.75
20865,18.3,0.024305556,0.022777778,8.1045,8.2812,0.017511574,-0.258,-0.331,1120,8.77
25542,9.2,0.024305556,0.022800926,8.0023,8.1849,0.018877315,-0.271,-0.358,1130,8.77
25307,5.8,0.024305556,0.022743056,8.0798,8.2534,0.019155093,-0.272,-0.359,1170,8.76
22143,15.2,0.024236111,0.022685185,8.0592,8.2427,0.018414352,-0.28,-0.371,1130,8.77
23260,9.2,0.024305556,0.022604167,8.0048,8.2012,0.018368056,-0.28,-0.365,1130,8.79
23300,13.3,0.024305556,0.022569444,8.0468,8.2401,0.017106481,-0.254,-0.337,1150,8.73
22014,16.2,0.024224537,0.022615741,8.0571,8.2689,0.016550926,-0.277,-0.359,839,8.79
26851,17.7,0.024305556,0.022847222,8.0367,8.234,0.018275463,-0.274,-0.359,1140,8.75
20007,11.6,0.024305556,0.022604167,8.0764,8.2632,0.017881944,-0.248,-0.322,1150,8.73
21181,12.5,0.024305556,0.022731481,8.0219,8.1939,0.018425926,-0.274,-0.362,1190,8.75
25515,19,0.024305556,0.022708333,8.0589,8.2606,0.016736111,-0.248,-0.323,1100,8.73
26089,9.7,0.024305556,0.022581019,8.0336,8.2306,0.016898148,-0.263,-0.342,1150,8.77
27273,10.7,0.024305556,0.022581019,8.0256,8.1994,0.018113426,-0.28,-0.372,1190,8.76
27956,14.7,0.024305556,0.022569444,8.0692,8.2791,0.016018519,-0.273,-0.355,878,8.79
24502,13.6,0.024305556,0.022673611,8.0176,8.1982,0.018599537,-0.263,-0.342,1190,8.75
27859,16.7,0.024305556,0.022858796,8.0448,8.2197,0.017268519,-0.252,-0.333,1180,8.71
26076,19.7,0.024305556,0.022615741,8.0384,8.2081,0.018784722,-0.258,-0.351,1190,8.72
21214,12.6,0.024293981,0.0228125,8.0166,8.1903,0.018993056,-0.261,-0.349,1180,8.73
24422,20.1,0.024305556,0.02287037,8.0765,8.2634,0.016979167,-0.248,-0.325,1100,8.73
27655,7.7,0.024305556,0.022858796,8.0128,8.1891,0.018402778,-0.265,-0.348,1160,8.74
23108,14.1,0.024305556,0.022847222,8.0916,8.2792,0.017013889,-0.227,-0.294,1190,8.69
nan,nan,0.024305556,0.022581019,8.061,8.264,0.016435185,-0.27,-0.353,809,8.78
29602,5.9,0.024305556,0.022604167,8.0679,8.2405,0.018310185,-0.263,-0.34,1150,8.74
20832,14.9,0.024305556,0.022824074,8.1076,8.2611,0.017002315,-0.224,-0.305,1170,8.66
25071,21.3,0.024305556,0.022604167,8.0405,8.2233,0.017592593,-0.248,-0.329,1170,8.69
21638,7.2,0.024305556,0.022592593,8.0609,8.2667,0.015150463,-0.243,-0.317,222,8.71
27819,18.2,0.024305556,0.022569444,8.0372,8.2177,0.017638889,-0.253,-0.332,1150,8.74
29239,15.4,0.024305556,0.022627315,8.0336,8.2242,0.017048611,-0.248,-0.331,1150,8.72
22223,8,0.024305556,0.022662037,8.0352,8.2109,0.018287037,-0.242,-0.329,1170,8.7
25533,13,0.024305556,0.022627315,8.4728,8.5701,0.006261574,-0.251,-0.311,1890,8.72
20524,11,0.024305556,0.022627315,8.075,8.2432,0.017905093,-0.255,-0.341,1160,8.72
20828,15.8,0.024305556,0.022569444,8.044,8.234,0.016956019,-0.256,-0.333,1130,8.74
25111,10.1,0.024305556,0.022569444,8.0409,8.2244,0.017824074,-0.285,-0.372,1130,8.79
24610,8.5,0.024305556,0.022731481,7.9872,8.1729,0.017881944,-0.283,-0.361,1150,8.77
27673,12,0.024305556,0.0228125,8.0498,8.2301,0.017615741,-0.264,-0.347,1140,8.76
20805,14.6,0.024305556,0.022696759,8.0576,8.2757,0.016516204,-0.269,-0.341,1070,8.78
21227,9.3,0.024305556,0.022777778,8.0113,8.1815,0.018842593,-0.273,-0.357,1180,8.75
27226,15.5,0.024305556,0.022766204,8.0482,8.2399,0.017326389,-0.258,-0.332,1160,8.73
24658,5.2,0.024305556,0.02275463,8.0245,8.1974,0.01931713,-0.275,-0.362,1190,8.75
23715,9.5,0.024305556,0.0228125,8.0215,8.2176,0.016122685,-0.26,-0.337,803,8.75
25024,14.9,0.024305556,0.022662037,7.9836,8.1573,0.017592593,-0.287,-0.369,774,8.82
26227,14.4,0.024305556,0.022685185,8.1019,8.2799,0.015972222,-0.255,-0.332,1060,8.74
26439,11.3,0.024305556,0.022615741,8.0597,8.2523,0.017071759,-0.268,-0.345,1090,8.76
nan,nan,0.024305556,0.022685185,7.9823,8.1732,0.018645833,-0.296,-0.384,1140,8.81
21960,6.5,0.024305556,0.022766204,8.0672,8.2629,0.01775463,-0.28,-0.365,1060,8.8
nan,nan,0.024305556,0.022569444,8.0557,8.2272,0.01818287,-0.271,-0.361,1080,8.76
30085,17.2,0.024305556,0.0228125,8.2195,8.3703,0.01912037,-0.253,-0.32,1200,8.73
39296,8.5,0.024305556,0.022696759,7.9976,8.1807,0.018333333,-0.268,-0.353,1150,8.74
31418,11.6,0.024247685,0.022662037,8.0715,8.2627,0.017071759,-0.245,-0.32,1120,8.73
30042,19,0.024201389,0.022916667,8.033,8.2395,0.017847222,-0.271,-0.345,1110,8.77
38690,6.9,0.024305556,0.022615741,8.0779,8.2558,0.018206019,-0.245,-0.322,1180,8.7
31068,14.2,0.024305556,0.022673611,8.0479,8.2354,0.017511574,-0.258,-0.34,1140,8.74
34120,20.1,0.024305556,0.022800926,8.038,8.2198,0.017708333,-0.253,-0.335,1180,8.72
33401,12.3,0.024305556,0.022592593,8.0434,8.2486,0.017268519,-0.268,-0.353,960,8.79
34490,10.5,0.024305556,0.022905093,8.0573,8.2349,0.018969907,-0.239,-0.309,1190,8.7
39712,23.5,0.024305556,0.022673611,8.065,8.2593,0.017199074,-0.241,-0.317,1130,8.72
34916,16.4,0.024305556,0.022650463,8.0459,8.2336,0.018414352,-0.246,-0.324,1170,8.73
34346,11.3,0.024305556,0.02275463,8.0502,8.2376,0.018229167,-0.261,-0.342,1180,8.74
30762,13.9,0.024305556,0.022766204,8.0624,8.2428,0.018125,-0.279,-0.364,1130,8.79
39051,10.1,0.024305556,0.022858796,8.0819,8.3001,0.016377315,-0.251,-0.32,1110,8.75
38089,19.3,0.024305556,0.022719907,8.004,8.1872,0.018587963,-0.274,-0.353,1150,8.77
35863,11.4,0.024305556,0.022731481,7.9991,8.1812,0.01875,-0.276,-0.36,1180,8.75
31387,19.9,0.024305556,0.022650463,8.038,8.2201,0.01837963,-0.25,-0.334,1170,8.71
36189,10.2,0.024305556,0.022569444,8.0539,8.2563,0.016111111,-0.249,-0.321,1130,8.74
37375,9.9,0.024282407,0.022581019,8.0448,8.2409,0.017256944,-0.245,-0.319,1100,8.72
32564,6.5,0.024305556,0.022824074,7.9832,8.1558,0.018506944,-0.285,-0.37,1180,8.78
37024,13.8,0.024305556,0.022604167,8.0817,8.2854,0.016712963,-0.269,-0.345,779,8.78
32588,14.9,0.024236111,0.022569444,8.0388,8.2214,0.0184375,-0.263,-0.344,1160,8.71
32823,17.2,0.024305556,0.022685185,8.0201,8.218,0.016643519,-0.261,-0.337,1080,8.75
30028,8.6,0.024305556,0.022685185,8.0567,8.2559,0.01525463,-0.254,-0.331,236,8.74
39810,16.2,0.024305556,0.022592593,8.095,8.242,0.000844907,-0.273,-0.347,1230,8.79
30571,9.4,0.024305556,0.022569444,8.0825,8.2464,0.01755787,-0.253,-0.332,1160,8.72
31639,15.9,0.024305556,0.022789352,8.01,8.193,0.018113426,-0.268,-0.349,1180,8.75
39757,5.3,0.024305556,0.022638889,8.015,8.2027,0.017835648,-0.268,-0.348,1120,8.77
30435,12.6,0.024305556,0.022789352,8.0081,8.1956,0.019097222,-0.273,-0.354,1180,8.75
30611,9.2,0.024305556,0.022673611,8.0775,8.2642,0.016481481,-0.257,-0.335,790,8.76
34247,9.2,0.024305556,0.022766204,8.0922,8.2658,0.017418981,-0.239,-0.303,1170,8.71
35687,5.4,0.024305556,0.022696759,8.045,8.2277,0.01880787,-0.261,-0.345,1180,8.76
38810,6,0.024305556,0.0228125,8.232,8.3736,0.016226852,-0.294,-0.373,1130,8.81
46429,13.7,0.024305556,0.022800926,8.0503,8.2302,0.018078704,-0.252,-0.332,1180,8.72
41859,15,0.024293981,0.022638889,8.0482,8.2146,0.019074074,-0.267,-0.343,1200,8.74
40356,15,0.024305556,0.022662037,8.0979,8.3125,0.014594907,-0.263,-0.334,749,8.76
40352,7.7,0.024305556,0.022592593,8.0623,8.2702,0.016018519,-0.266,-0.34,1100,8.77
41269,21.9,0.024305556,0.022627315,8.0541,8.2598,0.017118056,-0.274,-0.349,1090,8.79
40244,19.9,0.024305556,0.022881944,8.061,8.246,0.018206019,-0.239,-0.314,1180,8.69
40765,19.9,0.024305556,0.022569444,8.045,8.2272,0.017858796,-0.246,-0.323,1150,8.71
41769,17.3,0.024305556,0.022569444,8.0723,8.2686,0.017627315,-0.251,-0.326,1100,8.74
49930,13,0.024305556,0.022789352,8.0211,8.2116,0.018333333,-0.259,-0.337,1180,8.74
44064,13.2,0.024305556,0.022638889,8.0202,8.2056,0.017881944,-0.253,-0.337,1120,8.72
43226,13,0.024305556,0.022835648,8.0681,8.2573,0.016886574,-0.229,-0.297,1160,8.7
47539,10.2,0.024270833,0.022696759,8.0968,8.2814,0.016053241,-0.233,-0.306,1120,8.7
nan,nan,0.024293981,0.022685185,8.0714,8.233,0.016909722,-0.231,-0.309,862,8.68
49598,9.1,0.024305556,0.022719907,8.0619,8.2574,0.016400463,-0.24,-0.311,232,8.71
48662,7.2,0.024305556,0.022615741,8.0059,8.1917,0.017928241,-0.284,-0.364,1090,8.8
41279,14,0.024305556,0.022847222,8.1219,8.313,0.014421296,-0.215,-0.271,738,8.67
44217,17.6,0.024305556,0.022650463,8.0577,8.2764,0.015532407,-0.27,-0.342,744,8.78
46048,11,0.024305556,0.022777778,8.0658,8.2453,0.016655093,-0.247,-0.319,1130,8.71
45350,14.9,0.024305556,0.022905093,8.0311,8.2322,0.016030093,-0.262,-0.333,755,8.76
42461,16.7,0.024236111,0.022662037,8.0771,8.2726,0.01625,-0.251,-0.32,1070,8.73
41852,9.6,0.024305556,0.022789352,8.0472,8.234,0.018032407,-0.272,-0.348,1170,8.76
42615,13.8,0.024305556,0.0228125,8.0767,8.2631,0.017361111,-0.269,-0.352,1050,8.79
14686,18.9,0.024305556,0.022280093,8.0036,8.1914,0.016539352,-0.278,-0.365,1120,8.75
17582,15.7,0.024305556,0.02224537,8.0122,8.2081,0.017476852,-0.26,-0.343,1080,8.74
16257,22.1,0.024305556,0.022488426,8.054,8.2332,0.018969907,-0.275,-0.364,1160,8.78
19153,6.9,0.024305556,0.02244213,8.0035,8.1792,0.019143519,-0.269,-0.357,1180,8.74
15801,16,0.023773148,0.022465278,8.0633,8.2714,0.016597222,-0.248,-0.32,1090,8.73
15991,14.2,0.024050926,0.022233796,8.0267,8.2297,0.017627315,-0.263,-0.345,1110,8.74
17922,5.3,0.024305556,0.02224537,8.036,8.2296,0.017604167,-0.266,-0.349,1110,8.75
18737,16.4,0.023877315,0.022222222,8.0387,8.2495,0.017615741,-0.272,-0.358,1080,8.77
11156,9.8,0.024305556,0.022430556,8.0292,8.2061,0.018449074,-0.285,-0.377,1140,8.78
19309,20,0.024305556,0.022349537,8.0259,8.2023,0.019155093,-0.264,-0.356,1210,8.71
12508,21.3,0.024305556,0.022523148,8.0534,8.2493,0.017106481,-0.256,-0.334,1140,8.76
14483,2.2,0.024305556,0.022546296,8.0076,8.1775,0.019733796,-0.271,-0.361,1220,8.73
15834,17.6,0.024305556,0.022268519,8.0771,8.2572,0.017650463,-0.258,-0.337,1110,8.74
17476,19.1,0.024305556,0.022418981,8.0345,8.2226,0.017986111,-0.255,-0.336,1150,8.72
12014,19.7,0.024305556,0.022384259,8.1081,8.3807,0.012118056,-0.269,-0.346,261,8.78
19511,6.2,0.024305556,0.022523148,7.9963,8.1749,0.018009259,-0.281,-0.372,1170,8.75
12776,10.9,0.024212963,0.022407407,8.0706,8.2792,0.015729167,-0.269,-0.351,812,8.76
15990,12.7,0.024305556,0.022430556,8.0521,8.2635,0.014675926,-0.277,-0.361,228,8.79
18001,5.2,0.024305556,0.022453704,8.0288,8.2375,0.017013889,-0.253,-0.328,1060,8.75
13422,13.6,0.024166667,0.022222222,8.0845,8.2795,0.017997685,-0.298,-0.384,1100,8.82
13258,3.7,0.024236111,0.0225,8.118,8.3223,0.016539352,-0.252,-0.32,1060,8.75
13034,4.9,0.024155093,0.022430556,8.0495,8.2496,0.017997685,-0.255,-0.333,1170,8.72
10085,4.6,0.024305556,0.022280093,8.0445,8.2305,0.01875,-0.261,-0.343,1170,8.73
16281,5.2,0.024305556,0.022233796,8.0424,8.2263,0.017337963,-0.245,-0.329,1120,8.72
19724,5,0.024305556,0.022476852,8.1072,8.2782,0.016365741,-0.227,-0.297,1130,8.69
23213,18.6,0.024305556,0.022465278,8.0605,8.2391,0.018356481,-0.275,-0.354,1170,8.75
21081,8.3,0.024305556,0.022372685,8.045,8.2492,0.017025463,-0.28,-0.367,833,8.81
22564,15.9,0.024305556,0.022488426,8.0438,8.2411,0.01744213,-0.281,-0.365,1130,8.78
20021,8.5,0.024097222,0.022222222,8.0739,8.2597,0.017789352,-0.241,-0.315,1150,8.69
22265,8.8,0.023738426,0.022384259,8.1717,8.4435,0.012083333,-0.254,-0.318,226,8.75
25456,16.1,0.024305556,0.022546296,8.1189,8.3325,0.014826389,-0.253,-0.319,232,8.75
23595,15.2,0.024305556,0.022523148,8.0318,8.2186,0.018229167,-0.268,-0.361,1140,8.75
23166,12.9,0.02400463,0.022314815,8.0532,8.2591,0.01724537,-0.268,-0.345,1110,8.77
20338,22,0.024305556,0.02255787,8.0531,8.2462,0.018148148,-0.255,-0.331,1140,8.74
25420,16,0.024189815,0.022280093,8.0655,8.2784,0.016319444,-0.27,-0.347,1050,8.77
21687,17.1,0.024074074,0.022337963,8.0659,8.2626,0.017523148,-0.248,-0.325,1080,8.72
20536,21.7,0.024305556,0.022453704,8.0303,8.1994,0.018912037,-0.258,-0.348,1190,8.71
23693,19.5,0.024108796,0.022418981,8.0762,8.3006,0.015208333,-0.265,-0.335,736,8.77
20884,17.7,0.024305556,0.02255787,8.0196,8.2135,0.018657407,-0.279,-0.361,1170,8.77
nan,nan,0.024305556,0.022233796,8.0532,8.2487,0.017372685,-0.275,-0.358,1110,8.77
27830,10.3,0.024305556,0.02255787,8.0593,8.2705,0.016319444,-0.276,-0.357,235,8.78
23642,20.3,0.024305556,0.0225,8.1092,8.2624,0.018298611,-0.232,-0.313,1170,8.66
21824,9.4,0.024305556,0.022384259,8.0468,8.2499,0.017280093,-0.251,-0.33,1080,8.74
23025,14.7,0.023877315,0.022222222,8.0224,8.2296,0.016643519,-0.24,-0.305,1100,8.65
28897,20.7,0.024050926,0.022268519,8.0625,8.2564,0.016886574,-0.241,-0.323,1110,8.7
26055,9.9,0.024282407,0.022268519,8.0606,8.2641,0.017106481,-0.263,-0.341,1110,8.75
26606,12.9,0.024247685,0.022303241,8.0432,8.2276,0.017708333,-0.268,-0.361,1130,8.74
20996,12.9,0.024305556,0.022337963,8.063,8.2505,0.01693287,-0.242,-0.329,1160,8.7
23807,9.3,0.024305556,0.022303241,8.082,8.2728,0.016643519,-0.268,-0.353,1060,8.77
29669,9.4,0.024178241,0.022291667,8.0977,8.3128,0.014895833,-0.257,-0.336,808,8.76
25285,7.3,0.024305556,0.022523148,8.031,8.2178,0.017847222,-0.25,-0.335,1140,8.73
21050,9.7,0.024305556,0.02244213,8.0661,8.2553,0.017372685,-0.234,-0.309,1140,8.7
21168,12.6,0.024305556,0.022233796,8.0453,8.225,0.018159722,-0.257,-0.344,1150,8.72
23448,14.9,0.024247685,0.022349537,8.0659,8.2773,0.016145833,-0.266,-0.345,247,8.76
21010,14.7,0.024305556,0.022233796,8.046,8.234,0.01744213,-0.255,-0.337,1120,8.72
28082,17.7,0.024305556,0.022256944,8.0537,8.2567,0.016805556,-0.267,-0.347,1140,8.76
20388,13.8,0.024305556,0.022280093,8.0766,8.2369,0.016284722,-0.247,-0.327,764,8.74
25594,3.3,0.024305556,0.022384259,8.0156,8.1812,0.018946759,-0.251,-0.338,1200,8.73
21829,13,0.024305556,0.022418981,8.0207,8.2206,0.015972222,-0.27,-0.356,743,8.78
20078,15.7,0.024212963,0.022314815,8.0174,8.2244,0.017002315,-0.275,-0.356,1060,8.77
23692,14.2,0.024305556,0.022476852,8.0056,8.1901,0.017858796,-0.256,-0.333,1150,8.74
23513,10.9,0.024085648,0.022349537,8.0675,8.263,0.016712963,-0.264,-0.343,1120,8.74
22730,8.5,0.024305556,0.022326389,8.0342,8.2217,0.0171875,-0.284,-0.375,1080,8.8
28664,11.2,0.024305556,0.022314815,8.0248,8.2249,0.017326389,-0.27,-0.351,1130,8.77
21106,10.4,0.024293981,0.022291667,8.038,8.2445,0.016666667,-0.266,-0.344,1120,8.75
nan,nan,0.024108796,0.022326389,8.0409,8.2414,0.017662037,-0.266,-0.346,1110,8.75
25419,8.4,0.024247685,0.022337963,8.1183,8.2975,0.017789352,-0.282,-0.36,1040,8.78
29853,11.9,0.02400463,0.022233796,8.0585,8.2903,0.016215278,-0.264,-0.335,1020,8.76
nan,nan,0.024293981,0.02244213,8.0819,8.2924,0.016689815,-0.276,-0.354,824,8.79
26185,6.5,0.024305556,0.022465278,8.0386,8.2203,0.018032407,-0.251,-0.329,1180,8.74
35558,5.8,0.024305556,0.022268519,8.0585,8.2467,0.016597222,-0.265,-0.338,1140,8.77
39167,23.9,0.024305556,0.022488426,8.0589,8.2378,0.01880787,-0.263,-0.346,1170,8.74
30655,20.1,0.024305556,0.022453704,8.0632,8.2691,0.016701389,-0.283,-0.37,814,8.81
36060,5.8,0.024074074,0.022291667,8.0734,8.2895,0.015914352,-0.255,-0.332,826,8.75
34579,13.2,0.024305556,0.022384259,8.0937,8.2635,0.018738426,-0.259,-0.346,1150,8.72
32997,16.9,0.024305556,0.02255787,8.0463,8.2379,0.017141204,-0.256,-0.339,1150,8.73
35438,18.3,0.024305556,0.022280093,8.0659,8.2711,0.0140625,-0.279,-0.357,824,8.79
37873,17.8,0.024305556,0.022465278,8.1289,8.3682,0.012430556,-0.249,-0.315,766,8.75
35832,13.8,0.024305556,0.022430556,8.1484,8.3976,0.012268519,-0.243,-0.307,243,8.72
nan,nan,0.023969907,0.022407407,8.0507,8.2445,0.018090278,-0.27,-0.359,1120,8.75
36771,16.6,0.024085648,0.022372685,8.0072,8.2223,0.016296296,-0.277,-0.358,887,8.77
32457,15.9,0.024305556,0.022395833,8.0602,8.2469,0.01662037,-0.261,-0.342,1110,8.73
32512,12.9,0.024305556,0.022546296,8.1158,8.3219,0.015659722,-0.24,-0.305,1130,8.73
30572,9.8,0.024131944,0.022326389,8.0827,8.2649,0.017210648,-0.261,-0.348,1120,8.73
33397,18.4,0.024305556,0.022314815,8.0494,8.2409,0.017465278,-0.252,-0.337,1150,8.72
33537,5.1,0.024305556,0.022280093,8.0225,8.2091,0.018298611,-0.273,-0.356,1180,8.75
nan,nan,0.024305556,0.022430556,8.0481,8.255,0.016539352,-0.27,-0.348,751,8.76
nan,nan,0.02400463,0.022303241,8.05,8.2455,0.017372685,-0.255,-0.339,1110,8.72
41152,7.7,0.024305556,0.022337963,8.0152,8.2043,0.017916667,-0.27,-0.355,1130,8.75
44773,23.8,0.02400463,0.022280093,8.1077,8.3308,0.016018519,-0.288,-0.372,217,8.82
42365,9.1,0.024074074,0.022349537,8.0353,8.2508,0.017268519,-0.265,-0.343,1090,8.75
nan,nan,0.024166667,0.022453704,8.0828,8.2875,0.016215278,-0.278,-0.357,221,8.76
42766,8.2,0.024305556,0.02224537,8.0393,8.234,0.017118056,-0.274,-0.359,1080,8.78
42125,8.4,0.024305556,0.022349537,8.0577,8.244,0.017175926,-0.27,-0.355,1110,8.76
44190,19.4,0.024293981,0.022453704,8.0714,8.2555,0.017523148,-0.243,-0.318,1140,8.71
40853,6.9,0.024074074,0.022314815,8.0618,8.2642,0.0165625,-0.25,-0.325,1100,8.72
40408,12.5,0.024305556,0.022511574,8.0179,8.1957,0.016574074,-0.234,-0.314,861,8.71
45956,9.6,0.024050926,0.022222222,8.0742,8.2662,0.017800926,-0.241,-0.321,1120,8.71
26281,14.5,0.024305556,0.024201389,7.9739,8.1181,0.02181713,-0.238,-0.329,1280,8.65
28099,22.6,0.024305556,0.023969907,7.9755,8.1143,0.021747685,-0.238,-0.31,1250,8.68
26487,21.7,0.024305556,0.024143519,7.9775,8.1209,0.020277778,-0.225,-0.295,1230,8.67
24442,22.2,0.024305556,0.024027778,7.9717,8.1115,0.021493056,-0.22,-0.288,1260,8.64
22556,11.3,0.024305556,0.024247685,7.9498,8.075,0.021712963,-0.207,-0.269,1710,8.57
20619,21.1,0.024305556,0.024166667,7.9713,8.1073,0.022013889,-0.215,-0.284,1300,8.6
29545,14,0.024305556,0.024351852,7.9884,8.0882,0.024409722,-0.156,-0.197,1750,8.42
20103,21.5,0.024305556,0.024027778,7.9743,8.1179,0.020960648,-0.226,-0.3,1260,8.65
25488,18.9,0.024305556,0.023958333,8.0171,8.1547,0.021979167,-0.23,-0.305,1260,8.63
27207,14.4,0.024305556,0.024097222,7.9657,8.0843,0.023564815,-0.188,-0.248,1720,8.52
21018,9.5,0.024305556,0.023993056,7.9872,8.118,0.023032407,-0.216,-0.293,1280,8.62
26987,7.7,0.024305556,0.024293981,7.986,8.1233,0.022164352,-0.229,-0.302,1290,8.61
32376,9.2,0.024305556,0.02412037,7.9705,8.109,0.021655093,-0.225,-0.297,1270,8.63
37854,23.9,0.024305556,0.023993056,8.0043,8.1518,0.020891204,-0.222,-0.286,1250,8.67
35709,21.4,0.024305556,0.024027778,8.0008,8.1374,0.022048611,-0.215,-0.28,1280,8.62
34186,17.3,0.024305556,0.024016204,8.0073,8.1431,0.02125,-0.232,-0.305,1250,8.67
35607,22.4,0.024305556,0.023981481,7.9904,8.1259,0.021805556,-0.219,-0.288,1270,8.62
39769,21.7,0.024305556,0.024097222,8.0066,8.1391,0.023136574,-0.223,-0.287,1290,8.61
36036,17.9,0.024305556,0.0240625,8.0101,8.1366,0.022407407,-0.201,-0.262,1280,8.58
36163,12.1,0.024305556,0.0240625,7.9805,8.1088,0.022152778,-0.215,-0.281,1260,8.62
30550,9.9,0.024305556,0.024363426,7.9701,8.0847,0.025208333,-0.193,-0.256,1750,8.49
34086,21.2,0.024305556,0.024375,7.9459,8.0581,0.023263889,-0.181,-0.236,1270,8.51
36328,20.3,0.024305556,0.024027778,7.9747,8.1067,0.020601852,-0.205,-0.27,1250,8.62
36188,8.9,0.024305556,0.023993056,7.9735,8.114,0.020416667,-0.218,-0.283,1240,8.65
34035,8.4,0.024305556,0.023993056,8,8.1294,0.0221875,-0.212,-0.28,1750,8.58
36989,13.8,0.024305556,0.024270833,7.9883,8.1109,0.022395833,-0.188,-0.247,1270,8.56
33079,17.2,0.024305556,0.024131944,7.9858,8.1121,0.022071759,-0.193,-0.265,1270,8.57
37109,7.9,0.024305556,0.024155093,7.9768,8.0979,0.023726852,-0.193,-0.258,1700,8.53
39404,13.4,0.024305556,0.023981481,8.0014,8.118,0.022037037,-0.179,-0.228,1760,8.51
37075,17,0.024305556,0.024108796,8.0194,8.1578,0.021377315,-0.219,-0.292,1270,8.62
36599,8.9,0.024305556,0.02400463,7.9795,8.1059,0.022407407,-0.216,-0.28,1730,8.57
33419,12.3,0.024305556,0.024039352,7.9618,8.1024,0.021273148,-0.225,-0.292,1220,8.65
30180,11.4,0.024305556,0.024108796,7.9715,8.1058,0.022106481,-0.227,-0.297,1280,8.62
39957,8.3,0.024305556,0.024016204,7.9595,8.1031,0.020590278,-0.233,-0.307,1230,8.65
33450,8.4,0.024305556,0.024050926,7.9727,8.1081,0.022395833,-0.218,-0.277,1270,8.62
39265,9,0.024305556,0.023993056,7.9899,8.1224,0.022858796,-0.215,-0.286,1290,8.6
41077,16.4,0.024305556,0.024027778,7.99,8.1445,0.018761574,-0.243,-0.316,1240,8.67
45267,18.8,0.024305556,0.024351852,7.9831,8.1111,0.020497685,-0.212,-0.286,1250,8.64
40200,16.1,0.024305556,0.024178241,7.998,8.1303,0.022465278,-0.199,-0.256,1290,8.58
47959,9.4,0.024305556,0.024050926,7.9626,8.108,0.020173611,-0.237,-0.308,1190,8.7
42583,17.1,0.024305556,0.024444444,7.9518,8.0538,0.025358796,-0.162,-0.206,1750,8.41
44437,19,0.024305556,0.023981481,7.9851,8.1333,0.022025463,-0.237,-0.313,1270,8.66
49995,15.2,0.024305556,0.024363426,7.9719,8.0641,0.027152778,-0.149,-0.186,1780,8.34
42768,14.2,0.024305556,0.023981481,7.9781,8.114,0.022037037,-0.215,-0.283,1270,8.63
44093,19.7,0.024305556,0.024027778,7.9879,8.1168,0.023078704,-0.208,-0.274,1730,8.57
46120,15,0.024305556,0.024016204,7.9945,8.1205,0.022962963,-0.21,-0.268,1280,8.57
45377,21.2,0.024305556,0.024016204,7.9935,8.1219,0.02037037,-0.198,-0.262,1250,8.59
46019,12.9,0.024305556,0.024016204,8.0105,8.1529,0.020023148,-0.21,-0.277,1270,8.62
46914,13.8,0.024305556,0.024016204,8.0186,8.1318,0.023055556,-0.194,-0.256,1280,8.54
46407,11.1,0.024305556,0.024039352,7.9749,8.1054,0.021388889,-0.222,-0.296,1250,8.65
46358,12.5,0.024305556,0.023969907,7.9914,8.1196,0.021261574,-0.209,-0.279,1230,8.59
42382,16.1,0.024305556,0.023958333,8.0047,8.1387,0.020706019,-0.214,-0.285,1260,8.61
48266,8.7,0.024305556,0.02400463,7.9775,8.1113,0.019421296,-0.217,-0.288,1220,8.65
40014,7.2,0.024305556,0.024108796,7.9647,8.1043,0.021886574,-0.211,-0.272,1270,8.63
40326,14.9,0.024305556,0.024363426,7.9581,8.0705,0.023854167,-0.183,-0.238,1740,8.49
42676,7.7,0.024305556,0.023981481,7.9906,8.1298,0.022615741,-0.217,-0.286,1280,8.62
48142,10.2,0.024305556,0.023993056,8.0153,8.1472,0.021689815,-0.2,-0.256,1270,8.59
46057,11.3,0.024305556,0.023981481,7.985,8.1341,0.020405093,-0.239,-0.309,1220,8.69
44703,11.7,0.024305556,0.023969907,8.0045,8.1288,0.023368056,-0.22,-0.288,1280,8.6
nan,nan,0.024305556,0.024131944,7.9739,8.1025,0.021979167,-0.204,-0.268,1240,8.59
17590,21,0.024305556,0.023564815,7.9963,8.1516,0.019641204,-0.243,-0.32,1220,8.7
13711,22,0.024305556,0.023553241,8.0708,8.2104,0.020983796,-0.246,-0.328,1250,8.67
19553,18.8,0.024305556,0.023263889,8.0198,8.1785,0.019328704,-0.27,-0.357,1210,8.76
15112,13.7,0.024305556,0.023472222,8.005,8.1548,0.019814815,-0.248,-0.333,1250,8.69
19366,22.2,0.024305556,0.023576389,7.9867,8.1328,0.019618056,-0.249,-0.33,1200,8.71
19516,18.5,0.024305556,0.023460648,8.0314,8.1966,0.018993056,-0.243,-0.317,1200,8.72
14890,18.4,0.024305556,0.023449074,8.0315,8.1848,0.018831019,-0.236,-0.315,1240,8.68
14377,15.4,0.024305556,0.023344907,8.0077,8.1697,0.019328704,-0.251,-0.333,1200,8.72
nan,nan,0.024305556,0.0234375,8.0549,8.2742,0.0140625,-0.238,-0.307,238,8.7
19617,15.9,0.024305556,0.023356481,8.0084,8.1688,0.020138889,-0.251,-0.331,1240,8.7
16703,18.1,0.024305556,0.023275463,8.008,8.1737,0.019236111,-0.249,-0.33,1180,8.7
14941,10.3,0.024305556,0.023333333,8.0084,8.184,0.019351852,-0.284,-0.377,1220,8.76
nan,nan,0.024305556,0.023298611,8.0349,8.2071,0.019236111,-0.271,-0.358,1190,8.74
28065,13.6,0.024305556,0.023275463,8.033,8.1874,0.019513889,-0.231,-0.31,1230,8.68
27444,17.7,0.024305556,0.023356481,8.0462,8.2042,0.018622685,-0.255,-0.334,1190,8.76
21993,7,0.024305556,0.023321759,7.9958,8.166,0.018877315,-0.256,-0.338,1170,8.73
23567,23.9,0.024305556,0.023310185,8.0572,8.2001,0.02087963,-0.241,-0.321,1250,8.68
28955,14.6,0.024305556,0.023391204,7.9983,8.1618,0.019293981,-0.25,-0.328,1200,8.74
25769,11.2,0.024305556,0.023402778,8.0062,8.1737,0.019305556,-0.242,-0.316,1220,8.71
20620,13.8,0.024305556,0.023333333,7.9964,8.174,0.018576389,-0.272,-0.356,1160,8.76
26874,20.3,0.024305556,0.023321759,7.9928,8.1728,0.018530093,-0.275,-0.355,1180,8.78
28211,16.6,0.024305556,0.023506944,8.0195,8.1779,0.019282407,-0.262,-0.343,1200,8.76
25366,10.5,0.024305556,0.023310185,8.0273,8.1992,0.019143519,-0.257,-0.334,1210,8.73
27617,19.9,0.024305556,0.023263889,8.0004,8.1695,0.019560185,-0.26,-0.347,1210,8.72
28850,7.9,0.024305556,0.023321759,7.9973,8.1729,0.018622685,-0.262,-0.343,1170,8.77
29813,15.5,0.024305556,0.023425926,8.0452,8.1961,0.020231481,-0.26,-0.347,1220,8.73
20742,9.8,0.024305556,0.023449074,8.0085,8.1679,0.019131944,-0.269,-0.36,1230,8.75
27364,19.8,0.024305556,0.023356481,8.0464,8.2197,0.014849537,-0.26,-0.33,817,8.76
27480,20.3,0.024305556,0.023263889,7.9952,8.1505,0.020231481,-0.238,-0.319,1240,8.68
22084,9.1,0.024305556,0.023587963,7.9822,8.134,0.019756944,-0.246,-0.325,1210,8.71
24023,14.4,0.024305556,0.023402778,8.0294,8.1912,0.019259259,-0.237,-0.319,1210,8.7
24594,10,0.024305556,0.023414352,7.9832,8.154,0.017743056,-0.281,-0.368,1170,8.79
27229,22,0.024305556,0.023425926,8.0112,8.1789,0.018564815,-0.254,-0.332,1200,8.73
22573,16.8,0.024305556,0.023460648,8.0052,8.1667,0.019409722,-0.263,-0.344,1230,8.74
24850,6,0.024305556,0.023368056,7.9941,8.1618,0.019456019,-0.266,-0.347,1200,8.75
22022,16,0.024305556,0.023275463,8.0446,8.2016,0.019722222,-0.233,-0.309,1220,8.69
28670,8.2,0.024305556,0.0234375,8.0124,8.1779,0.018402778,-0.254,-0.331,1130,8.72
25182,11.9,0.024305556,0.023472222,7.9762,8.1356,0.020243056,-0.255,-0.339,1230,8.72
nan,nan,0.024305556,0.023310185,8.0573,8.2299,0.018275463,-0.239,-0.309,1180,8.72
20470,19.1,0.024305556,0.023287037,8.0128,8.1827,0.018715278,-0.257,-0.34,1190,8.74
24706,19.9,0.024305556,0.023576389,8.0319,8.1814,0.019571759,-0.241,-0.315,1240,8.68
28463,8,0.024305556,0.023333333,8.0082,8.1597,0.020358796,-0.246,-0.33,1240,8.69
22184,16.1,0.024305556,0.023356481,8.0189,8.169,0.019236111,-0.242,-0.323,1210,8.7
20961,20,0.024305556,0.023541667,7.9858,8.1325,0.020763889,-0.244,-0.331,1250,8.69
23089,12.7,0.024305556,0.023298611,7.9991,8.1617,0.019305556,-0.256,-0.339,1230,8.71
28670,15.9,0.024305556,0.023344907,8.0189,8.1731,0.019108796,-0.235,-0.321,1240,8.68
29969,14.5,0.024305556,0.023287037,7.9944,8.1648,0.017199074,-0.265,-0.344,1150,8.78
28257,11.2,0.024305556,0.023275463,8.2105,8.3537,0.006979167,-0.251,-0.318,209,8.74
26397,17.5,0.024305556,0.023333333,8.0011,8.1664,0.018715278,-0.24,-0.316,1180,8.7
24380,18.2,0.024305556,0.023275463,7.9706,8.1236,0.018935185,-0.256,-0.339,1200,8.74
23610,19.1,0.024305556,0.023425926,8.0346,8.1848,0.019583333,-0.247,-0.328,1210,8.74
nan,nan,0.024305556,0.023310185,7.9945,8.1501,0.018854167,-0.242,-0.331,1200,8.69
28517,12.2,0.024305556,0.023414352,8.0591,8.196,0.017777778,-0.23,-0.305,1170,8.7
28210,12.9,0.024305556,0.023414352,8.0143,8.1717,0.018877315,-0.239,-0.317,1230,8.69
28230,15.5,0.024305556,0.023402778,8.0428,8.1942,0.018113426,-0.227,-0.298,1200,8.67
nan,nan,0.024305556,0.023333333,8.0262,8.191,0.019479167,-0.247,-0.323,1230,8.73
26352,11.2,0.024305556,0.023321759,7.971,8.1341,0.019143519,-0.261,-0.343,1200,8.72
21639,7.8,0.024305556,0.023391204,8.036,8.1967,0.019421296,-0.235,-0.304,1230,8.7
24876,7.6,0.024305556,0.023587963,8.0016,8.1532,0.020416667,-0.244,-0.319,1250,8.7
26876,6.6,0.024305556,0.023333333,7.9902,8.1614,0.018391204,-0.262,-0.344,1150,8.75
21605,7,0.024305556,0.023298611,8.0202,8.183,0.020763889,-0.256,-0.337,1250,8.7
20286,5,0.024305556,0.023263889,8.0383,8.1906,0.020034722,-0.255,-0.34,1230,8.72
30135,20.9,0.024305556,0.023333333,8.0335,8.1934,0.01837963,-0.243,-0.31,1230,8.71
37267,23.8,0.024305556,0.023287037,8.0169,8.1859,0.018773148,-0.265,-0.349,1170,8.77
31797,6.5,0.024305556,0.023321759,8.0382,8.1923,0.020208333,-0.246,-0.332,1230,8.69
36389,12.3,0.024305556,0.023263889,8.0216,8.1902,0.019201389,-0.256,-0.336,1180,8.73
30174,17,0.024305556,0.023391204,8.0205,8.1771,0.020162037,-0.239,-0.314,1240,8.68
38302,7.2,0.024305556,0.023564815,8.031,8.1808,0.020636574,-0.231,-0.309,1240,8.67
32690,6.6,0.024305556,0.023298611,7.9851,8.1458,0.019988426,-0.282,-0.372,1250,8.74
30846,20.2,0.024305556,0.023460648,8.0163,8.184,0.018935185,-0.248,-0.325,1210,8.71
30432,7.3,0.024305556,0.023518519,8.0238,8.1787,0.020138889,-0.228,-0.3,1230,8.69
38599,9.4,0.024305556,0.023530093,8.0328,8.1828,0.02068287,-0.24,-0.319,1250,8.67
38000,11.9,0.024305556,0.023298611,8.0386,8.1998,0.019803241,-0.258,-0.341,1220,8.73
30049,18.1,0.024305556,0.023298611,8.0371,8.191,0.019259259,-0.224,-0.301,1190,8.66
31604,20.6,0.024305556,0.023275463,7.9989,8.1557,0.019351852,-0.253,-0.341,1230,8.72
nan,nan,0.024305556,0.023287037,8.0075,8.1718,0.018912037,-0.254,-0.337,1230,8.72
30702,18.1,0.024305556,0.02337963,8.0076,8.1461,0.019467593,-0.256,-0.347,1230,8.73
30785,16,0.024305556,0.023506944,7.9989,8.1511,0.0190625,-0.254,-0.334,1200,8.74
35741,12.8,0.024305556,0.023483796,8.0075,8.1619,0.019872685,-0.246,-0.319,1250,8.69
32041,16.4,0.024305556,0.023391204,8.0272,8.2001,0.017905093,-0.24,-0.311,1190,8.72
30273,15.4,0.024305556,0.023553241,8.0182,8.1772,0.017905093,-0.239,-0.308,1220,8.71
38168,9.9,0.024305556,0.023530093,8.0622,8.2119,0.016921296,-0.225,-0.296,1210,8.69
33109,12.9,0.024305556,0.023263889,8.0807,8.2439,0.016527778,-0.224,-0.292,1160,8.69
31390,9.8,0.024305556,0.023298611,7.9888,8.1372,0.020833333,-0.25,-0.331,1270,8.68
30683,13.9,0.024305556,0.023541667,8.0172,8.1735,0.018773148,-0.263,-0.345,1180,8.77
32752,13.6,0.024305556,0.023310185,7.9856,8.1365,0.019918981,-0.242,-0.322,1230,8.68
39944,7.7,0.024305556,0.023356481,7.9798,8.1462,0.017534722,-0.266,-0.346,1160,8.76
38707,4.4,0.024305556,0.023298611,8.2024,8.3435,0.015914352,-0.229,-0.287,1130,8.72
31558,16.2,0.024305556,0.02349537,8.0116,8.1643,0.020856481,-0.247,-0.322,1240,8.7
31803,7.1,0.024305556,0.02349537,8.0342,8.1594,0.018148148,-0.238,-0.323,1130,8.68
39904,12.4,0.024305556,0.023298611,7.9992,8.1576,0.019965278,-0.26,-0.345,1230,8.72
34667,12,0.024305556,0.02337963,8.0381,8.1878,0.019502315,-0.259,-0.348,1230,8.73
43157,22.6,0.024305556,0.023460648,8.0054,8.1665,0.0190625,-0.249,-0.32,1190,8.72
44496,20.5,0.024305556,0.023287037,8.0285,8.1918,0.018784722,-0.234,-0.308,1210,8.69
40749,9.4,0.024305556,0.023460648,8.0461,8.1851,0.02130787,-0.237,-0.309,1250,8.69
44678,8.7,0.024305556,0.023298611,8.0792,8.2401,0.017268519,-0.234,-0.302,1200,8.68
40486,22.7,0.024305556,0.023344907,7.9862,8.1477,0.019733796,-0.272,-0.357,1200,8.77
45227,11.6,0.024305556,0.023356481,8.0198,8.1925,0.019039352,-0.25,-0.326,1160,8.74
41041,13.1,0.024305556,0.023414352,7.9895,8.1537,0.019189815,-0.251,-0.325,1200,8.74
49017,17.6,0.024305556,0.023553241,8.038,8.1758,0.020960648,-0.229,-0.296,1260,8.65
46177,23.3,0.024305556,0.023298611,8.0137,8.1815,0.019502315,-0.247,-0.323,1220,8.71
42838,14,0.024305556,0.023275463,8.0272,8.1848,0.019548611,-0.253,-0.334,1210,8.72
41623,9,0.024305556,0.02349537,8.0675,8.2166,0.019351852,-0.214,-0.278,1220,8.66
44964,10.8,0.024305556,0.023506944,8.0447,8.1729,0.021990741,-0.237,-0.314,1250,8.67
42949,12.2,0.024305556,0.02349537,7.999,8.1678,0.01787037,-0.251,-0.332,1120,8.72
42027,7.8,0.024305556,0.023587963,8.0215,8.1732,0.01806713,-0.232,-0.304,1200,8.69
40596,7.3,0.024305556,0.023541667,7.991,8.1469,0.020034722,-0.255,-0.332,1240,8.71
40912,12,0.024293981,0.023263889,7.9955,8.1641,0.018101852,-0.262,-0.341,1180,8.74
45114,10.7,0.024305556,0.023402778,7.9949,8.1559,0.019097222,-0.243,-0.322,1210,8.71
42734,15.5,0.024305556,0.02337963,8.0277,8.1918,0.018263889,-0.244,-0.314,1210,8.72
44501,10,0.024305556,0.023425926,8.0407,8.1953,0.018819444,-0.235,-0.308,1230,8.68
47236,9.8,0.024305556,0.023310185,8.0553,8.215,0.016909722,-0.24,-0.312,1140,8.7
46424,11.7,0.024305556,0.023344907,8.0873,8.2534,0.0165625,-0.253,-0.329,228,8.76
47829,9.9,0.024305556,0.023391204,8.0341,8.1823,0.018784722,-0.226,-0.286,1240,8.67
49509,8.7,0.024305556,0.02349537,7.9966,8.1483,0.020277778,-0.229,-0.3,1240,8.68
nan,nan,0.024305556,0.023344907,8.0536,8.2245,0.018298611,-0.25,-0.325,1170,8.73
16630,5.5,0.024305556,0.023738426,8.0272,8.1752,0.020821759,-0.226,-0.302,1250,8.66
17092,13.6,0.024305556,0.023923611,8.0007,8.1556,0.020821759,-0.238,-0.312,1240,8.68
19760,23.8,0.024305556,0.023738426,8.0466,8.1808,0.022199074,-0.256,-0.354,1260,8.67
15089,18.9,0.024305556,0.023645833,7.9988,8.1553,0.019467593,-0.252,-0.325,1170,8.75
16902,15.2,0.024305556,0.02380787,8.0143,8.1734,0.019444444,-0.225,-0.296,1250,8.67
19601,17.3,0.024305556,0.023773148,7.988,8.1333,0.020648148,-0.232,-0.314,1250,8.67
13944,13.3,0.024305556,0.023773148,8.0011,8.1483,0.019884259,-0.226,-0.301,1230,8.66
18399,13.1,0.024305556,0.023668981,8.0472,8.1879,0.02099537,-0.233,-0.313,1240,8.68
12162,7.7,0.024305556,0.023784722,8.0129,8.1617,0.018645833,-0.223,-0.293,1200,8.69
15389,12.6,0.024305556,0.023657407,7.9877,8.1314,0.020509259,-0.249,-0.328,1250,8.68
10094,9.5,0.024305556,0.023796296,8.0199,8.1524,0.022060185,-0.222,-0.284,1280,8.62
26771,22.4,0.024305556,0.023645833,8.0159,8.162,0.020393519,-0.225,-0.292,1260,8.66
25552,21.7,0.024305556,0.023773148,7.9961,8.1512,0.019768519,-0.243,-0.312,1240,8.7
26661,12.1,0.024305556,0.023715278,8.0255,8.167,0.021134259,-0.232,-0.302,1250,8.69
22552,20.7,0.024305556,0.023645833,8.0171,8.1668,0.019351852,-0.239,-0.313,1240,8.67
27991,9.4,0.024305556,0.023946759,7.9808,8.1376,0.020787037,-0.261,-0.358,1240,8.71
20516,9.7,0.024305556,0.023611111,7.986,8.1421,0.020104167,-0.264,-0.35,1210,8.75
28275,19.7,0.024305556,0.023831019,8.0345,8.1666,0.022372685,-0.235,-0.312,1240,8.64
24381,19.2,0.024305556,0.023645833,8.0524,8.1973,0.019652778,-0.235,-0.304,1220,8.68
26895,6.2,0.024305556,0.023784722,7.9727,8.1248,0.020914352,-0.258,-0.345,1280,8.69
29929,21.1,0.024305556,0.023645833,8.0068,8.1496,0.021331019,-0.234,-0.307,1250,8.69
25635,13.2,0.024305556,0.023611111,7.9908,8.1405,0.020717593,-0.236,-0.315,1250,8.68
28820,20.4,0.024305556,0.023622685,8.0045,8.1625,0.019444444,-0.226,-0.295,1230,8.68
20549,17.7,0.024305556,0.023634259,7.978,8.1263,0.021157407,-0.241,-0.323,1260,8.68
23669,9.3,0.024305556,0.023819444,7.9742,8.1147,0.020173611,-0.231,-0.309,1220,8.67
27586,16.3,0.024305556,0.02369213,7.9876,8.136,0.019699074,-0.234,-0.307,1230,8.69
21403,12.5,0.024305556,0.023715278,8.01,8.1511,0.020486111,-0.231,-0.314,1240,8.67
26134,15.2,0.024305556,0.023773148,7.9907,8.1382,0.021782407,-0.246,-0.329,1270,8.67
20948,3.1,0.024305556,0.023865741,7.9556,8.0954,0.02150463,-0.234,-0.315,1250,8.65
23780,15.8,0.024305556,0.023726852,8.015,8.1581,0.019178241,-0.213,-0.282,1240,8.66
24882,14.8,0.024305556,0.023726852,8.0064,8.1498,0.019988426,-0.227,-0.293,1260,8.67
23731,15.8,0.024305556,0.023622685,7.9875,8.1482,0.019398148,-0.248,-0.338,1160,8.7
22462,17,0.024305556,0.023726852,8.0146,8.2003,0.015405093,-0.229,-0.297,261,8.69
24829,16.8,0.024305556,0.02369213,8.0141,8.1467,0.020949074,-0.22,-0.293,1250,8.65
22635,10.6,0.024305556,0.023645833,7.9875,8.1449,0.02,-0.277,-0.359,1220,8.77
20127,16.6,0.024305556,0.023819444,7.984,8.1277,0.020706019,-0.235,-0.31,1250,8.66
25444,10.7,0.024305556,0.023900463,7.985,8.1305,0.021458333,-0.264,-0.338,1270,8.71
28972,10.3,0.024305556,0.02380787,7.9584,8.0929,0.020381944,-0.231,-0.299,1220,8.68
25253,10,0.024305556,0.023657407,8.0154,8.1678,0.020625,-0.249,-0.333,1250,8.7
23191,12,0.024305556,0.023854167,8.0136,8.1533,0.021377315,-0.232,-0.308,1250,8.67
29001,11,0.024305556,0.023622685,7.9785,8.1351,0.019525463,-0.252,-0.331,1210,8.72
27756,8,0.024305556,0.023634259,7.9888,8.1341,0.020266204,-0.241,-0.32,1240,8.69
30489,22.8,0.024305556,0.023657407,8.0201,8.1692,0.020381944,-0.242,-0.314,1250,8.7
33434,23.9,0.024305556,0.023761574,8.0309,8.1768,0.020451389,-0.23,-0.306,1250,8.67
31633,15.9,0.024305556,0.023657407,8.1983,8.3094,0.020474537,-0.226,-0.284,1220,8.68
31993,16.1,0.024305556,0.023773148,8.0094,8.1528,0.02181713,-0.253,-0.338,1280,8.68
30868,19.4,0.024305556,0.023842593,8.0053,8.1473,0.021168981,-0.219,-0.286,1260,8.65
31773,11,0.024305556,0.023611111,8.0182,8.1731,0.01962963,-0.238,-0.312,1230,8.7
36418,18.9,0.024305556,0.023715278,7.9391,8.0815,0.019895833,-0.237,-0.311,1150,8.74
32699,11.4,0.024305556,0.023819444,8.0827,8.2577,0.014363426,-0.236,-0.302,1800,8.69
35236,6.9,0.024305556,0.023842593,7.9924,8.1458,0.021469907,-0.253,-0.333,1260,8.7
39351,10.3,0.024305556,0.023622685,8.0363,8.1916,0.018078704,-0.228,-0.301,1200,8.69
32406,21.5,0.024305556,0.023761574,7.985,8.1428,0.019548611,-0.245,-0.325,1210,8.72
38070,19.1,0.024305556,0.023668981,8.0219,8.1717,0.020231481,-0.232,-0.304,1230,8.69
39662,13.6,0.024305556,0.023796296,7.9841,8.1445,0.019791667,-0.246,-0.323,1230,8.74
33555,16.4,0.024305556,0.023877315,7.9682,8.1168,0.020474537,-0.252,-0.334,1260,8.7
30945,14.7,0.024305556,0.023912037,8.0049,8.1394,0.021666667,-0.229,-0.309,1270,8.66
36799,10.3,0.024305556,0.023657407,8.0025,8.161,0.019236111,-0.233,-0.309,1220,8.7
34899,10.2,0.024305556,0.023611111,7.9227,8.0739,0.019930556,-0.236,-0.314,1230,8.63
36279,15.5,0.024305556,0.023784722,7.9854,8.1322,0.020578704,-0.226,-0.312,1260,8.65
32449,12.2,0.024305556,0.02369213,8.0067,8.1599,0.018993056,-0.237,-0.308,1220,8.7
38276,14.1,0.024305556,0.023784722,8.0147,8.1459,0.021759259,-0.216,-0.281,1280,8.61
31451,9.5,0.024305556,0.023773148,8.0092,8.1561,0.021354167,-0.244,-0.326,1270,8.66
36615,17,0.024305556,0.023680556,7.9852,8.1265,0.020231481,-0.245,-0.329,1230,8.71
35632,9.7,0.024305556,0.023634259,7.9667,8.125,0.019675926,-0.25,-0.33,1230,8.73
32867,11,0.024305556,0.02380787,8.0157,8.148,0.022326389,-0.227,-0.302,1260,8.64
39933,14,0.024305556,0.023611111,8.0195,8.151,0.018541667,-0.234,-0.311,1170,8.71
32239,11,0.024305556,0.023865741,8.2142,8.3342,0.019490741,-0.271,-0.345,1140,8.77
40796,16.5,0.024305556,0.023773148,7.996,8.1336,0.02025463,-0.222,-0.289,1250,8.66
45686,9.9,0.024305556,0.02369213,8.0198,8.1642,0.020381944,-0.226,-0.297,1250,8.66
44149,9.5,0.024305556,0.023703704,8.0093,8.1564,0.020115741,-0.239,-0.308,1260,8.68
48493,8.4,0.024305556,0.023645833,8.0435,8.1942,0.019699074,-0.223,-0.293,1240,8.67
40721,17.6,0.024305556,0.023842593,7.9918,8.1408,0.019884259,-0.242,-0.315,1200,8.71
43452,18.9,0.024305556,0.023645833,8.0026,8.1604,0.019733796,-0.254,-0.329,1210,8.73
46521,9.9,0.024305556,0.023761574,8.0163,8.1706,0.019976852,-0.241,-0.321,1240,8.71
47185,10.3,0.024305556,0.023611111,7.9992,8.151,0.019826389,-0.244,-0.315,1220,8.72
40404,12.5,0.024305556,0.023726852,7.9868,8.1377,0.021087963,-0.248,-0.328,1260,8.68
41837,8.2,0.024305556,0.023634259,8.0461,8.1891,0.021516204,-0.231,-0.298,1250,8.67
43710,15.6,0.024305556,0.02380787,8.0087,8.1615,0.020694444,-0.235,-0.305,1250,8.68
48819,21.3,0.024305556,0.02375,8.0147,8.1689,0.019456019,-0.248,-0.324,1220,8.73
40116,11.8,0.024305556,0.02380787,7.9892,8.1426,0.020185185,-0.237,-0.31,1240,8.7
45238,16.5,0.024305556,0.023842593,8.0302,8.1664,0.020902778,-0.23,-0.302,1200,8.7
45503,15.7,0.024305556,0.02380787,7.9855,8.1303,0.02099537,-0.225,-0.297,1250,8.66
48749,9.6,0.024305556,0.023611111,7.9976,8.1596,0.020208333,-0.266,-0.348,1230,8.74
41906,16.6,0.024305556,0.023877315,8.0171,8.1417,0.022534722,-0.216,-0.286,1280,8.6
42660,9.4,0.024305556,0.023819444,8.0031,8.1681,0.019884259,-0.246,-0.32,1210,8.71
42667,14.4,0.024305556,0.023877315,8.0168,8.1408,0.021724537,-0.208,-0.269,1280,8.58
48781,18.2,0.024305556,0.023738426,7.9737,8.1236,0.018587963,-0.233,-0.303,1220,8.7
nan,nan,0.024305556,0.023611111,8.0055,8.1525,0.021157407,-0.247,-0.333,1260,8.68
49443,9.5,0.024305556,0.023634259,8.0238,8.1576,0.020046296,-0.214,-0.271,1250,8.63
46864,18.1,0.024305556,0.023761574,7.9913,8.1361,0.020324074,-0.232,-0.302,1250,8.66
19087,15,0.024305556,0.023125,8.0666,8.2268,0.019641204,-0.25,-0.336,1210,8.71
16954,21.8,0.024305556,0.0228125,8.107,8.3108,0.015462963,-0.242,-0.309,236,8.72
17043,16.6,0.024305556,0.023078704,7.9891,8.1666,0.018344907,-0.266,-0.347,1160,8.77
18921,22.5,0.024305556,0.023206019,8.0245,8.1964,0.019074074,-0.258,-0.338,1190,8.74
18871,21.3,0.024305556,0.023043981,7.9918,8.1567,0.019560185,-0.273,-0.367,1240,8.73
17085,18,0.024305556,0.023043981,8.0522,8.2158,0.019166667,-0.239,-0.311,1220,8.69
16293,15.4,0.024305556,0.023090278,8.014,8.183,0.018912037,-0.252,-0.327,1200,8.72
19382,18.7,0.024305556,0.023032407,8.0351,8.2138,0.018888889,-0.264,-0.345,1210,8.73
14136,13.8,0.024305556,0.023136574,8.0264,8.1887,0.020127315,-0.254,-0.342,1240,8.7
17307,3.9,0.024305556,0.023043981,7.9989,8.1562,0.019502315,-0.246,-0.337,1200,8.69
18934,12.2,0.024305556,0.022939815,8.0004,8.1676,0.020081019,-0.273,-0.363,1230,8.73
17963,13.6,0.024305556,0.022916667,8.0245,8.1823,0.019201389,-0.253,-0.344,1200,8.7
17312,17.5,0.024305556,0.023020833,8.0201,8.1851,0.018599537,-0.243,-0.325,1240,8.68
10811,6.5,0.024305556,0.022916667,8.0608,8.2266,0.018275463,-0.242,-0.322,1170,8.72
19057,18,0.024305556,0.023055556,8.0064,8.1723,0.018587963,-0.265,-0.35,1200,8.72
nan,nan,0.024305556,0.022974537,8.0639,8.2246,0.018680556,-0.255,-0.336,1170,8.76
16925,15.7,0.024305556,0.023125,8.0016,8.1697,0.018912037,-0.269,-0.348,1170,8.76
15939,9,0.024305556,0.022951389,8.0333,8.2025,0.01818287,-0.273,-0.366,1170,8.75
18444,8.9,0.024305556,0.023055556,8.0703,8.2254,0.017928241,-0.243,-0.319,1110,8.72
16987,6.2,0.024305556,0.023229167,8.0085,8.1781,0.018969907,-0.255,-0.331,1210,8.76
19243,5,0.024305556,0.023032407,8.0206,8.2058,0.019097222,-0.276,-0.363,1170,8.75
27546,13.8,0.024305556,0.023113426,8.0392,8.2172,0.017893519,-0.246,-0.323,1170,8.72
29495,16.4,0.024305556,0.023101852,8.0421,8.2191,0.018275463,-0.247,-0.319,1190,8.72
23294,12.6,0.024305556,0.023009259,8.0063,8.1825,0.018356481,-0.261,-0.342,1170,8.74
23236,11.3,0.024305556,0.022986111,8.0245,8.2205,0.018125,-0.268,-0.35,1140,8.77
28734,18.7,0.024305556,0.023148148,8.072,8.2326,0.019409722,-0.252,-0.334,1240,8.71
25065,22.8,0.024305556,0.022951389,7.9949,8.1665,0.018935185,-0.266,-0.349,1190,8.74
24940,12.9,0.024305556,0.022962963,8.0226,8.2156,0.018275463,-0.261,-0.338,1170,8.74
27462,7,0.024305556,0.023020833,8.0424,8.1968,0.02025463,-0.252,-0.332,1230,8.71
28395,7.1,0.024305556,0.023020833,7.9477,8.1415,0.017789352,-0.277,-0.358,1110,8.73
25927,16.8,0.024305556,0.022951389,8.041,8.2219,0.017858796,-0.274,-0.359,1120,8.78
21522,6.2,0.024305556,0.023113426,8.0311,8.2262,0.018020833,-0.263,-0.336,1150,8.75
22410,18.8,0.024305556,0.023171296,8.0442,8.2097,0.019282407,-0.244,-0.32,1220,8.7
26169,8.1,0.024305556,0.022986111,8.0657,8.2363,0.018796296,-0.276,-0.365,1170,8.77
26595,17,0.024305556,0.022951389,8.0844,8.2347,0.019826389,-0.252,-0.335,1210,8.69
27832,23.3,0.024305556,0.023240741,8.0166,8.1962,0.018877315,-0.256,-0.332,1180,8.72
21016,17.8,0.024305556,0.023055556,8.0926,8.2622,0.018217593,-0.256,-0.326,1160,8.74
24667,18.9,0.024305556,0.022928241,8.0222,8.2156,0.018229167,-0.265,-0.343,1150,8.74
20810,7.4,0.024293981,0.023090278,8.1063,8.2803,0.014479167,-0.235,-0.299,854,8.71
24309,6.9,0.024305556,0.023009259,8.0454,8.2239,0.018472222,-0.257,-0.339,1110,8.76
21807,18.6,0.024305556,0.023043981,8.0373,8.206,0.018912037,-0.254,-0.339,1200,8.73
22788,15.7,0.024305556,0.022974537,8.0581,8.2531,0.017233796,-0.246,-0.315,1170,8.73
21513,13.1,0.024305556,0.023240741,8.0192,8.1912,0.01962963,-0.263,-0.343,1200,8.73
21425,14.1,0.024305556,0.02306713,8.0121,8.1887,0.018564815,-0.26,-0.337,1180,8.74
23906,22.3,0.024305556,0.023171296,8.0111,8.1742,0.019756944,-0.254,-0.336,1240,8.71
21585,13.8,0.024305556,0.023113426,8.0318,8.1921,0.019270833,-0.252,-0.335,1200,8.72
29757,14.4,0.024305556,0.022997685,8.075,8.2637,0.017106481,-0.243,-0.314,1190,8.73
26080,9.4,0.024305556,0.022997685,8.0489,8.2048,0.019097222,-0.259,-0.343,1210,8.74
24844,16.9,0.024305556,0.023206019,7.9924,8.165,0.019409722,-0.273,-0.357,1210,8.74
28386,19.6,0.024305556,0.023090278,8.0381,8.2191,0.017685185,-0.258,-0.334,1140,8.75
24297,16.1,0.024305556,0.022974537,8.0458,8.2315,0.017858796,-0.255,-0.331,1140,8.74
23364,17.1,0.024305556,0.022962963,8.0139,8.1888,0.018935185,-0.259,-0.339,1200,8.74
nan,nan,0.024305556,0.022951389,8.0548,8.216,0.019178241,-0.26,-0.35,1220,8.7
29066,5.6,0.024305556,0.023148148,8.0251,8.1845,0.018668981,-0.254,-0.336,1200,8.73
23584,15.1,0.024305556,0.023009259,8.0182,8.2061,0.017847222,-0.258,-0.34,1150,8.74
27579,17.2,0.024305556,0.023055556,8.0142,8.1787,0.018784722,-0.263,-0.346,1200,8.76
21532,19.8,0.024305556,0.022939815,8.033,8.2127,0.017581019,-0.245,-0.322,1150,8.73
nan,nan,0.024305556,0.023194444,8.0183,8.1642,0.021284722,-0.239,-0.318,1260,8.66
29523,10.1,0.024305556,0.023043981,8.0231,8.1846,0.019456019,-0.243,-0.322,1220,8.7
21276,14.9,0.024305556,0.022974537,8.1041,8.2981,0.015416667,-0.249,-0.317,1090,8.76
29490,18.7,0.024305556,0.023032407,8.0263,8.1893,0.018356481,-0.243,-0.331,1210,8.7
27416,14.9,0.024305556,0.023020833,8.0655,8.2252,0.018333333,-0.249,-0.329,1180,8.72
22503,20,0.024305556,0.02306713,8.0284,8.1974,0.01931713,-0.266,-0.358,1210,8.73
24323,15.5,0.024305556,0.022916667,8.0653,8.237,0.017743056,-0.26,-0.344,1160,8.76
20511,14,0.024305556,0.022974537,8.0514,8.2164,0.017662037,-0.244,-0.316,1200,8.71
27156,13.3,0.024305556,0.022962963,7.9947,8.1658,0.018414352,-0.265,-0.344,1170,8.74
25785,13.7,0.024305556,0.022928241,8.0363,8.2125,0.018321759,-0.255,-0.331,1160,8.73
21275,10.8,0.024305556,0.023043981,8.0232,8.1944,0.018935185,-0.256,-0.334,1200,8.73
26373,15.2,0.024305556,0.023032407,8.0005,8.1782,0.016828704,-0.268,-0.349,755,8.76
21051,16.2,0.024305556,0.023229167,8.008,8.1754,0.017916667,-0.25,-0.338,1160,8.72
26575,10.4,0.024305556,0.022962963,8.087,8.273,0.017002315,-0.236,-0.299,1190,8.71
20047,15.4,0.024305556,0.023159722,8.0284,8.1795,0.02037037,-0.258,-0.342,1220,8.72
23668,11.9,0.024305556,0.023032407,7.9937,8.1732,0.018287037,-0.259,-0.339,1170,8.74
25172,11.7,0.024305556,0.023055556,8.0584,8.2101,0.020011574,-0.255,-0.337,1200,8.72
23296,4.9,0.024305556,0.023043981,8.0365,8.2068,0.019050926,-0.262,-0.351,1190,8.74
22507,10.8,0.024305556,0.023240741,8.0172,8.1707,0.019710648,-0.278,-0.362,1180,8.78
24635,10.5,0.024305556,0.023252315,8.0139,8.1827,0.020023148,-0.264,-0.348,1220,8.73
26378,5,0.024305556,0.023252315,8.0749,8.245,0.018159722,-0.22,-0.283,1200,8.68
33310,24,0.024305556,0.023125,8.0441,8.2101,0.01875,-0.249,-0.319,1200,8.73
31067,19.2,0.024305556,0.022916667,8.042,8.2098,0.018703704,-0.25,-0.327,1200,8.72
34368,8,0.024305556,0.023090278,8.0183,8.1888,0.01837963,-0.262,-0.337,1190,8.75
30278,20.5,0.024305556,0.023032407,8.044,8.2253,0.018275463,-0.275,-0.352,1190,8.78
30841,7.2,0.024305556,0.022951389,8.1974,8.371,0.015011574,-0.274,-0.348,1820,8.76
31055,11.2,0.024305556,0.022974537,8.0672,8.253,0.017152778,-0.232,-0.304,1190,8.69
33813,10.4,0.024305556,0.02318287,8.0564,8.2279,0.018483796,-0.251,-0.33,1190,8.74
32757,22.2,0.024305556,0.022974537,8.0529,8.2363,0.018206019,-0.23,-0.304,1180,8.69
35858,10.7,0.024305556,0.023148148,8.0592,8.2468,0.016990741,-0.243,-0.313,1190,8.73
30553,14.8,0.024305556,0.022951389,8.056,8.2288,0.017881944,-0.255,-0.337,1190,8.73
32516,17.7,0.024305556,0.023252315,8.029,8.1947,0.01880787,-0.246,-0.319,1210,8.72
37116,19,0.024305556,0.022939815,8.0185,8.1905,0.018703704,-0.277,-0.365,1190,8.77
34306,9.7,0.024305556,0.022916667,8.0136,8.1953,0.018055556,-0.263,-0.341,1140,8.77
37826,10.5,0.024305556,0.023020833,8.0387,8.2143,0.018425926,-0.264,-0.346,1190,8.76
38698,14.7,0.024305556,0.02306713,8.0343,8.2157,0.01837963,-0.256,-0.334,1170,8.75
38634,6.9,0.024305556,0.023125,8.0262,8.2107,0.018541667,-0.265,-0.344,1190,8.76
34395,19.2,0.024305556,0.022962963,8.0374,8.2304,0.018101852,-0.255,-0.328,1170,8.73
33290,7.4,0.024305556,0.022974537,8.0597,8.224,0.019201389,-0.259,-0.335,1200,8.75
39247,12.3,0.024305556,0.023055556,8.0561,8.2488,0.017685185,-0.248,-0.319,1130,8.74
nan,nan,0.024305556,0.022939815,8.0718,8.2588,0.016979167,-0.244,-0.313,1120,8.72
34644,10.8,0.024305556,0.023229167,7.972,8.1468,0.019050926,-0.263,-0.347,1170,8.74
36566,18.8,0.024305556,0.023159722,8.0499,8.2272,0.018344907,-0.25,-0.325,1160,8.73
36486,11.3,0.024305556,0.022939815,8.0546,8.2478,0.016516204,-0.24,-0.309,1140,8.71
31824,15.2,0.024305556,0.02306713,8.0269,8.1851,0.019664352,-0.256,-0.344,1210,8.7
30303,19.8,0.024305556,0.022951389,8.0538,8.2518,0.017604167,-0.258,-0.329,1190,8.75
34599,14.8,0.024305556,0.023125,8.0264,8.2069,0.018032407,-0.25,-0.327,1190,8.74
37311,7.2,0.024305556,0.022974537,8.0419,8.2066,0.018518519,-0.239,-0.319,1210,8.7
35622,20.9,0.024305556,0.022962963,8.0366,8.2368,0.017708333,-0.257,-0.334,1110,8.77
31779,16.1,0.024305556,0.022951389,8.0629,8.2401,0.016631944,-0.253,-0.328,1150,8.73
33176,12.7,0.024305556,0.023055556,8.0022,8.181,0.018483796,-0.277,-0.362,1170,8.76
32868,13.6,0.024305556,0.023043981,8.0118,8.1824,0.018449074,-0.255,-0.34,1220,8.72
35605,19.2,0.024305556,0.02318287,8.0167,8.1742,0.019722222,-0.231,-0.316,1230,8.66
31244,15.6,0.024305556,0.023009259,7.9833,8.1328,0.017939815,-0.244,-0.325,1150,8.72
31520,11.3,0.024305556,0.023240741,7.9946,8.1672,0.017060185,-0.267,-0.347,1110,8.78
36005,19.4,0.024305556,0.022916667,8.0135,8.19,0.017962963,-0.244,-0.322,1160,8.72
34863,10.9,0.024305556,0.023136574,8.0241,8.1852,0.019166667,-0.247,-0.324,1220,8.69
36403,5.3,0.024305556,0.023020833,8.029,8.1958,0.018240741,-0.26,-0.337,1210,8.74
36441,12.8,0.024305556,0.022986111,8.0394,8.2166,0.018368056,-0.267,-0.346,1200,8.74
30072,13.8,0.024305556,0.023240741,8.0075,8.1642,0.02,-0.252,-0.34,1240,8.7
36081,14.1,0.024305556,0.023020833,8.0351,8.2198,0.017743056,-0.249,-0.32,1160,8.73
31974,15.6,0.024305556,0.023020833,8.0357,8.231,0.01662037,-0.252,-0.326,1180,8.72
32756,16.8,0.024305556,0.022951389,8.0481,8.2182,0.018275463,-0.236,-0.308,1180,8.69
34330,11.6,0.024305556,0.022962963,8.012,8.19,0.018483796,-0.266,-0.349,1180,8.73
34100,8.5,0.024305556,0.023009259,8.013,8.1827,0.019768519,-0.275,-0.357,1210,8.77
34966,6.5,0.024305556,0.023078704,8.0305,8.2045,0.019479167,-0.26,-0.336,1200,8.75
31419,9.4,0.024305556,0.023101852,8.0442,8.2282,0.016840278,-0.284,-0.372,1080,8.81
36238,11.1,0.024305556,0.023101852,8.0335,8.2112,0.018530093,-0.246,-0.317,1200,8.71
30012,4.5,0.024305556,0.022916667,8.0418,8.2072,0.019259259,-0.26,-0.34,1210,8.74
43651,10.1,0.024305556,0.022986111,8.0231,8.2194,0.015601852,-0.261,-0.336,775,8.76
46080,8.4,0.024305556,0.023125,8.0062,8.1864,0.018449074,-0.261,-0.338,1180,8.75
41600,7.9,0.024305556,0.023020833,8.0344,8.2211,0.01818287,-0.275,-0.358,1140,8.76
41602,21.2,0.024305556,0.023078704,8.0408,8.2035,0.019456019,-0.24,-0.321,1210,8.69
47218,14,0.024305556,0.023009259,8.0579,8.2404,0.018298611,-0.252,-0.331,1190,8.75
41501,13.9,0.024305556,0.022951389,8.0607,8.2381,0.018240741,-0.242,-0.309,1200,8.71
41507,6.6,0.024305556,0.023020833,8.019,8.1997,0.018668981,-0.256,-0.336,1180,8.74
46007,10.9,0.024305556,0.022916667,8.0345,8.216,0.018541667,-0.265,-0.342,1170,8.74
46800,5.8,0.024305556,0.022962963,8.0195,8.201,0.018101852,-0.273,-0.357,1190,8.76
42417,9.6,0.024305556,0.022997685,8.0324,8.2117,0.018587963,-0.245,-0.323,1210,8.72
44945,8.8,0.024305556,0.023043981,8.0314,8.2052,0.017708333,-0.243,-0.325,1210,8.69
44209,18.5,0.024305556,0.023009259,8.0254,8.1853,0.019560185,-0.252,-0.344,1220,8.7
44813,7.2,0.024305556,0.022974537,8.0189,8.1996,0.018148148,-0.262,-0.342,1180,8.75
41684,21.1,0.024305556,0.022928241,8.0477,8.2151,0.01755787,-0.23,-0.305,1180,8.7
42062,19.5,0.024305556,0.022962963,8.0473,8.227,0.016446759,-0.252,-0.333,1160,8.73
47023,13.6,0.024305556,0.023171296,8.0016,8.1736,0.018333333,-0.243,-0.32,1160,8.71
48713,9.7,0.024305556,0.023055556,7.9989,8.1644,0.017905093,-0.256,-0.342,1150,8.73
47954,16.3,0.024305556,0.022974537,8.0607,8.2313,0.017511574,-0.239,-0.315,1190,8.69
42002,9.3,0.024305556,0.023113426,7.9995,8.1734,0.018310185,-0.253,-0.334,1160,8.72
48408,8.2,0.024305556,0.02318287,8.0275,8.1927,0.017534722,-0.239,-0.312,1170,8.69
45829,18.1,0.024305556,0.02306713,8.208,8.347,0.01630787,-0.25,-0.315,1170,8.72
40643,10.9,0.024305556,0.022974537,8.031,8.1929,0.018506944,-0.24,-0.318,1210,8.7
49521,9.9,0.024305556,0.023090278,8.0109,8.1882,0.018148148,-0.245,-0.322,1190,8.71
48302,6.9,0.024305556,0.023113426,8.035,8.2168,0.01849537,-0.268,-0.347,1200,8.73
40069,8.9,0.024305556,0.023148148,7.9989,8.1689,0.019166667,-0.256,-0.334,1190,8.74
40879,9.1,0.024305556,0.023240741,8.0048,8.1746,0.018483796,-0.264,-0.341,1200,8.77
42551,12.6,0.024305556,0.022962963,8.0364,8.2111,0.018217593,-0.267,-0.352,1150,8.78
nan,nan,0.024305556,0.023032407,8.0465,8.1979,0.020266204,-0.29,-0.388,1230,8.73
nan,nan,0.024305556,0.023252315,8.0222,8.1772,0.019131944,-0.254,-0.334,1200,8.73
48102,7.1,0.024305556,0.022928241,8.0812,8.2546,0.017858796,-0.248,-0.32,1160,8.73
